Code,Company,Link,"Market Cap","Last trade",Change,%Change,Sector
BHG,"BHP Group Limited (JSE:BHG)",https://www.listcorp.com/jse/bhg/bhp-group-limited,"	2388840000000",470.81,0.00,0,"Basic Materials"
JSE:PRX,"Prosus N.V. (JSE:PRX)",https://www.listcorp.com/jse/prx/prosus-nv,"	1805770000000",726,0.00,0,Technology
JSE:ANH,"Anheuser-Busch Inbev (JSE:ANH)",https://www.listcorp.com/jse/anh/anheuser-busch-inbev,"	1732700000000",964.11,0.00,0,"Consumer Goods"
JSE:BTI,"British American Tobacco (JSE:BTI)",https://www.listcorp.com/jse/bti/british-american-tobacco,"	1606130000000",683.1,0.00,0,"Consumer Goods"
JSE:CFR,"Compagnie Fin Richemont (JSE:CFR)",https://www.listcorp.com/jse/cfr/compagnie-fin-richemont,"	1338560000000",2489.97,0.00,0,"Consumer Goods"
JSE:GLN,"Glencore plc (JSE:GLN)",https://www.listcorp.com/jse/gln/glencore-plc,"	1167470000000",86.16,0.00,0,"Basic Materials"
JSE:AGL,"Anglo American plc (JSE:AGL)",https://www.listcorp.com/jse/agl/anglo-american-plc,"	760212000000",568.35,0.00,0,"Basic Materials"
JSE:NPN,"Naspers Limited - N (JSE:NPN)",https://www.listcorp.com/jse/npn/naspers-limited-n,"	726165000000",4068,0.00,0,Technology
JSE:FSR,"Firstrand Limited (JSE:FSR)",https://www.listcorp.com/jse/fsr/firstrand-limited,"	431594000000",76.94,0.00,0,Financials
JSE:SBK,"Standard Bank Group (JSE:SBK)",https://www.listcorp.com/jse/sbk/standard-bank-group,"	395209000000",236.88,0.00,0,Financials
JSE:CPI,"Capitec Bank Holdings Limited (JSE:CPI)",https://www.listcorp.com/jse/cpi/capitec-bank-holdings-limited,"	378622000000",3261.18,0.00,0,Financials
JSE:GFI,"Gold Fields Limited (JSE:GFI)",https://www.listcorp.com/jse/gfi/gold-fields-limited,"	229252000000",256.14,0.00,0,"Basic Materials"
JSE:ANG,"Anglogold Ashanti (JSE:ANG)",https://www.listcorp.com/jse/ang/anglogold-ashanti,"	227628000000",452.2,0.00,0,"Basic Materials"
JSE:VOD,"Vodacom Group Limited (JSE:VOD)",https://www.listcorp.com/jse/vod/vodacom-group-limited,"	210527000000",101.32,0.00,0,Telecommunications
JSE:S32,"South32 Limited (JSE:S32)",https://www.listcorp.com/jse/s32/south32-limited,"	196482000000",43.45,0.00,0,"Basic Materials"
JSE:SLM,"Sanlam Limited (JSE:SLM)",https://www.listcorp.com/jse/slm/sanlam-limited,"	186521000000",88.1,0.00,0,Financials
JSE:SHP,"Shoprite Holdings Limited (JSE:SHP)",https://www.listcorp.com/jse/shp/shoprite-holdings-limited,"	174912000000",295.79,0.00,0,"Consumer Services"
JSE:AMS,"Anglo American Platinum Ltd (JSE:AMS)",https://www.listcorp.com/jse/ams/anglo-american-platinum-ltd,"	157523000000",593.77,0.00,0,"Basic Materials"
JSE:ABG,"Absa Group Limited (JSE:ABG)",https://www.listcorp.com/jse/abg/absa-group-limited,"	154280000000",172.5,0.00,0,Financials
JSE:MTN,"MTN Group Limited (JSE:MTN)",https://www.listcorp.com/jse/mtn/mtn-group-limited,"	152136000000",80.74,0.00,0,Telecommunications
JSE:BID,"Bid Corporation Limited (JSE:BID)",https://www.listcorp.com/jse/bid/bidcorp,"	148646000000",441.21,0.00,0,"Consumer Services"
JSE:NED,"Nedbank Group Limited (JSE:NED)",https://www.listcorp.com/jse/ned/nedbank-group-limited,"	140931000000",288.78,0.00,0,Financials
JSE:DSY,"Discovery Limited (JSE:DSY)",https://www.listcorp.com/jse/dsy/discovery-limited,"	130331000000",192.69,0.00,0,Financials
JSE:MNP,"Mondi plc (JSE:MNP)",https://www.listcorp.com/jse/mnp/mondi-plc,"	119976000000",271.8,0.00,0,"Basic Materials"
JSE:KIO,"Kumba Iron Ore (JSE:KIO)",https://www.listcorp.com/jse/kio/kumba-iron-ore,"	107116000000",332.57,0.00,0,"Basic Materials"
JSE:HAR,"Harmony Gold Mining Company (JSE:HAR)",https://www.listcorp.com/jse/har/harmony-gold-mining-company,"	104737000000",165,0.00,0,"Basic Materials"
JSE:NHM,"Northam Platinum Limited (JSE:NHM)",https://www.listcorp.com/jse/nhm/northam-platinum-limited,"	101604000000",189.66,-9.65,-4.84,"Basic Materials"
JSE:OUT,"OUTsurance Holdings Limited (JSE:OUT)",https://www.listcorp.com/jse/out/outsurance-holdings-limited,"	99974900000",64.65,0.00,0,Financials
JSE:NRP,"Nepi Rockcastle plc (JSE:NRP)",https://www.listcorp.com/jse/nrp/nepi-rockcastle-plc,"	99559100000",139.76,0.00,0,Financials
JSE:PPH,"Pepkor Holdings Limited (JSE:PPH)",https://www.listcorp.com/jse/pph/pepkor-holdings-limited,"	98464100000",26.73,0.00,0,"Consumer Services"
JSE:RNI,"Reinet Investments S.C.A. (JSE:RNI)",https://www.listcorp.com/jse/rni/reinet-investments,"	93969500000",479.58,0.00,0,Financials
JSE:BVT,"Bidvest Group (JSE:BVT)",https://www.listcorp.com/jse/bvt/bidvest-group,"	93946300000",276.09,0.00,0,Industrials
JSE:CLS,"Clicks Group Limited (JSE:CLS)",https://www.listcorp.com/jse/cls/clicks-group-limited,"	93534700000",392.9,0.00,0,"Consumer Services"
JSE:IMP,"Impala Platinum Holdings Limited (JSE:IMP)",https://www.listcorp.com/jse/imp/implats,"	92236500000",101.99,0.00,0,"Basic Materials"
JSE:INP,"Investec plc (JSE:INP)",https://www.listcorp.com/jse/inp/investec-plc,"	90386300000",129.85,0.00,0,Financials
JSE:REM,"Remgro Limited (JSE:REM)",https://www.listcorp.com/jse/rem/remgro-limited,"	79742400000",150.68,0.00,0,Financials
JSE:MRP,"Mr Price Group (JSE:MRP)",https://www.listcorp.com/jse/mrp/mr-price-group,"	73969900000",287.83,0.00,0,"Consumer Services"
JSE:APN,"Aspen Pharmacare Holdings Limited (JSE:APN)",https://www.listcorp.com/jse/apn/aspen-pharmacare-holdings,"	73921700000",165.65,0.00,0,"Health Care"
JSE:WHL,"Woolworths Holdings Limited (JSE:WHL)",https://www.listcorp.com/jse/whl/woolworths-holdings-limited,"	62129700000",62.84,0.00,0,"Consumer Services"
JSE:OMU,"Old Mutual Limited (JSE:OMU)",https://www.listcorp.com/jse/omu/old-mutual-limited,"	60796600000",12.69,0.00,0,Financials
JSE:EXX,"Exxaro Resources Limited (JSE:EXX)",https://www.listcorp.com/jse/exx/exxaro-resources-limited,"	58306000000",166.92,0.00,0,"Basic Materials"
JSE:SOL,"Sasol Limited (JSE:SOL)",https://www.listcorp.com/jse/sol/sasol-limited,"	56504300000",87.87,0.00,0,"Basic Materials"
JSE:TFG,"The Foschini Group (JSE:TFG)",https://www.listcorp.com/jse/tfg/the-foschini-group,"	56426900000",170.46,0.00,0,"Consumer Services"
JSE:SSW,"Sibanye Stillwater Limited (JSE:SSW)",https://www.listcorp.com/jse/ssw/sibanye-stillwater-limited,"	50610500000",17.88,0.00,0,"Basic Materials"
JSE:QLT,"Quilter plc (JSE:QLT)",https://www.listcorp.com/jse/qlt/quilter-plc,"	47880000000",34.1,0.00,0,Financials
JSE:RMI,"Rand Merchant Investment Holdings (JSE:RMI)",https://www.listcorp.com/jse/rmi/rand-merchant-investment-holdings,"	47562600000",31.38,0.33,1.06,Financials
JSE:MCG,"MultiChoice Group (JSE:MCG)",https://www.listcorp.com/jse/mcg/multichoice-group,"	47481600000",107.3,0.00,0,"Consumer Services"
JSE:TBS,"Tiger Brands Limited (JSE:TBS)",https://www.listcorp.com/jse/tbs/tiger-brands-limited,"	45563500000",252.67,0.00,0,"Consumer Goods"
JSE:NPH,"Northam Platinum Holdings Limited (JSE:NPH)",https://www.listcorp.com/jse/nph/northam-platinum-holdings-limited,"	44568900000",112.48,0.00,0,"Basic Materials"
JSE:GRT,"Growthpoint Properties Limited (JSE:GRT)",https://www.listcorp.com/jse/grt/growthpoint-properties-limited,"	44565900000",12.99,0.00,0,Financials
JSE:SNT,"Santam Limited (JSE:SNT)",https://www.listcorp.com/jse/snt/santam-limited,"	43429900000",377.22,0.00,0,Financials
JSE:MTM,"Momentum Metropolitan Holdings (JSE:MTM)",https://www.listcorp.com/jse/mtm/momentum-metropolitan-holdings,"	42337100000",30.13,0.00,0,Financials
JSE:TRU,"Truworths International Limited (JSE:TRU)",https://www.listcorp.com/jse/tru/truworths-international-limited,"	41691400000",102.06,0.00,0,"Consumer Services"
JSE:INL,"Investec Limited (JSE:INL)",https://www.listcorp.com/jse/inl/investec-limited,"	37932500000",128.53,0.00,0,Financials
JSE:AVI,"AVI Limited (JSE:AVI)",https://www.listcorp.com/jse/avi/avi-limited,"	37356500000",109.88,0.00,0,"Consumer Goods"
JSE:ARI,"African Rainbow Minerals (JSE:ARI)",https://www.listcorp.com/jse/ari/african-rainbow-minerals,"	35726700000",159.02,0.00,0,"Basic Materials"
JSE:HMN,"Hammerson plc (JSE:HMN)",https://www.listcorp.com/jse/hmn/hammerson-plc,"	33445100000",66.86,0.00,0,Financials
JSE:DCP,"Dis-Chem Pharmacies Limited (JSE:DCP)",https://www.listcorp.com/jse/dcp/dis-chem-pharmacies-limited,"	32597200000",37.9,0.00,0,"Consumer Services"
JSE:RDF,"Redefine Properties Limited (JSE:RDF)",https://www.listcorp.com/jse/rdf/redefine-properties-limited,"	32018000000",4.54,0.00,0,Financials
JSE:SAP,"Sappi Limited (JSE:SAP)",https://www.listcorp.com/jse/sap/sappi-limited,"	30492100000",50.43,0.00,0,"Basic Materials"
JSE:SRE,"Sirius Real Estate (JSE:SRE)",https://www.listcorp.com/jse/sre/sirius-real-estate,"	30297600000",20.04,0.00,0,Financials
JSE:SPP,"Spar Group Limited (JSE:SPP)",https://www.listcorp.com/jse/spp/spar-group-limited,"	27632700000",143.47,0.00,0,"Consumer Services"
JSE:BYI,"Bytes Technology Group (JSE:BYI)",https://www.listcorp.com/jse/byi/bytes-technology-group,"	25153800000",104.4,0.00,0,Technology
JSE:LHC,"Life Healthcare Group (JSE:LHC)",https://www.listcorp.com/jse/lhc/life-healthcare-group,"	24475400000",16.68,0.00,0,"Health Care"
JSE:KST,"PSG Konsult Limited (JSE:KST)",https://www.listcorp.com/jse/kst/psg-konsult-limited,"	24079600000",19,0.00,0,Financials
JSE:FFB,"Fortress REIT Limited - B (JSE:FFB)",https://www.listcorp.com/jse/ffb/fortress-reit-limited-b,"	23845000000",19.8,0.00,0,Financials
JSE:CCO,"Capital & Counties Properties plc (JSE:CCO)",https://www.listcorp.com/jse/cco/capital-and-counties-properties-plc,"	23617600000",28.85,1.10,3.96,Financials
JSE:KRO,"Karooooo Ltd (JSE:KRO)",https://www.listcorp.com/jse/kro/karooooo-ltd,"	23611100000",764.28,0.00,0,Technology
JSE:N91,"Ninety One plc (JSE:N91)",https://www.listcorp.com/jse/n91/ninety-one-plc,"	22925000000",36.82,0.00,0,Financials
JSE:PIK,"Pick n Pay Stores Limited (JSE:PIK)",https://www.listcorp.com/jse/pik/pick-n-pay-stores-limited,"	22518800000",30.2,0.00,0,"Consumer Services"
JSE:VKE,"Vukile Property Fund Limited (JSE:VKE)",https://www.listcorp.com/jse/vke/vukile-property-fund-limited,"	22507800000",18.3,0.00,0,Financials
JSE:MTH,"Motus Holdings Limited (JSE:MTH)",https://www.listcorp.com/jse/mth/motus-holdings-limited,"	22051100000",123.1,0.00,0,"Consumer Services"
JSE:RES,"Resilient REIT Limited (JSE:RES)",https://www.listcorp.com/jse/res/resilient-reit-limited,"	21565300000",59.05,0.00,0,Financials
JSE:APH,"Alphamin Resources Corporation (JSE:APH)",https://www.listcorp.com/jse/aph/alphamin-resources-corporation,"	20126000000",15.8,0.00,0,"Basic Materials"
JSE:ITE,"Italtile Limited (JSE:ITE)",https://www.listcorp.com/jse/ite/italtile-limited,"	19031800000",14.4,0.00,0,"Consumer Services"
JSE:NTC,"Netcare Limited (JSE:NTC)",https://www.listcorp.com/jse/ntc/netcare-limited,"	18996000000",13.35,0.15,1.14,"Health Care"
JSE:WBC,"We Buy Cars Holdings Limited (JSE:WBC)",https://www.listcorp.com/jse/wbc/we-buy-cars-holdings-limited,"	18898300000",45.3,0.00,0,Technology
JSE:ADH,"ADvTECH Limited (JSE:ADH)",https://www.listcorp.com/jse/adh/advtech-limited,"	18352500000",33.1,0.00,0,"Consumer Services"
JSE:PAN,"Pan African Resources plc (JSE:PAN)",https://www.listcorp.com/jse/pan/pan-african-resources-plc,"	18049600000",8.12,0.00,0,"Basic Materials"
JSE:TGA,"Thungela Resources Limited (JSE:TGA)",https://www.listcorp.com/jse/tga/thungela-resources,"	17959200000",127.83,0.00,0,"Basic Materials"
JSE:TKG,"Telkom SA Limited (JSE:TKG)",https://www.listcorp.com/jse/tkg/telkom-sa-limited,"	17317400000",33.88,0.00,0,Telecommunications
JSE:GTC,"Globe Trade Centre S.A. (JSE:GTC)",https://www.listcorp.com/jse/gtc/globe-trade-centre-sa,"	17227700000",30,0.00,0,Financials
JSE:HYP,"Hyprop Investments Limited (JSE:HYP)",https://www.listcorp.com/jse/hyp/hyprop-investments-limited,"	17000000000",44.69,0.00,0,Financials
JSE:BAW,"Barloworld Limited (JSE:BAW)",https://www.listcorp.com/jse/baw/barloworld-limited,"	16220100000",85.53,0.00,0,Industrials
JSE:PMR,"Premier Group Limited (JSE:PMR)",https://www.listcorp.com/jse/pmr/premier-group-limited,"	15674900000",121.6,0.00,0,"Consumer Goods"
JSE:LTE,"Lighthouse Capital Limited (JSE:LTE)",https://www.listcorp.com/jse/lte/lighthouse-capital-limited,"	15600100000",7.71,0.00,0,Financials
JSE:DRD,"DRDGOLD Limited (JSE:DRD)",https://www.listcorp.com/jse/drd/drdgold-limited,"	15303200000",17.7,0.00,0,"Basic Materials"
JSE:MSP,"MAS Real Estate Inc (JSE:MSP)",https://www.listcorp.com/jse/msp/mas-real-estate-inc,"	14838500000",20.72,0.00,0,Financials
JSE:HCI,"Hosken Consolidated Investments Limited (JSE:HCI)",https://www.listcorp.com/jse/hci/hosken-consolidated-investments-limited,"	14797800000",172.83,0.00,0,Financials
JSE:WBO,"Wilson Bayly Holmes-Ovcon Limited (JSE:WBO)",https://www.listcorp.com/jse/wbo/wilson-bayly-holmes-ovcon-limited,"	14494900000",204.1,0.00,0,Industrials
JSE:CML,"Coronation Fund Managers (JSE:CML)",https://www.listcorp.com/jse/cml/coronation-fund-managers,"	14099100000",40.33,0.00,0,Financials
JSE:RLO,"Reunert Limited (JSE:RLO)",https://www.listcorp.com/jse/rlo/reunert-limited,"	13888000000",76.03,0.00,0,Industrials
JSE:EQU,"Equites Property Fund Limited (JSE:EQU)",https://www.listcorp.com/jse/equ/equites-property-fund-limited,"	12093400000",14.48,0.00,0,Financials
JSE:AIL,"African Rainbow Capital Investments (JSE:AIL)",https://www.listcorp.com/jse/ail/african-rainbow-capital-investments,"	11992200000",7.9,0.00,0,Financials
JSE:OMN,"Omnia Holdings Limited (JSE:OMN)",https://www.listcorp.com/jse/omn/omnia-holdings-limited,"	11951900000",72.91,0.00,0,"Basic Materials"
JSE:SUI,"Sun International Limited (JSE:SUI)",https://www.listcorp.com/jse/sui/sun-international-limited,"	11140500000",43.15,0.00,0,"Consumer Services"
JSE:AIP,"Adcock Ingram Holdings (JSE:AIP)",https://www.listcorp.com/jse/aip/adcock-ingram-holdings,"	11091000000",68.76,0.00,0,"Health Care"
JSE:TSG,"Tsogo Sun Gaming (JSE:TSG)",https://www.listcorp.com/jse/tsg/tsogo-sun-gaming,"	11041100000",10.59,0.00,0,"Consumer Services"
JSE:AFT,"Afrimat Limited (JSE:AFT)",https://www.listcorp.com/jse/aft/afrimat-limited,"	10400700000",65.13,0.00,0,Industrials
JSE:NY1,"Ninety One Limited (JSE:NY1)",https://www.listcorp.com/jse/ny1/ninety-one-limited,"	10282500000",37.2,0.00,0,Financials
JSE:JSE,"JSE Limited (JSE:JSE)",https://www.listcorp.com/jse/jse/jse-limited,"	10207200000",118.2,0.00,0,Financials
JSE:DTC,"Datatec Limited (JSE:DTC)",https://www.listcorp.com/jse/dtc/datatec-limited,"	10149700000",43.52,0.00,0,Technology
JSE:ATT,"Attacq Limited (JSE:ATT)",https://www.listcorp.com/jse/att/attacq-limited,"	9827430000",13.17,0.00,0,Financials
JSE:AFH,"Alexander Forbes Group Holdings Limited (JSE:AFH)",https://www.listcorp.com/jse/afh/alexander-forbes,"	9824110000",7.4,0.00,0,Financials
JSE:AFE,"AECI Limited (JSE:AFE)",https://www.listcorp.com/jse/afe/aeci-limited,"	9718190000",92.1,0.00,0,"Basic Materials"
JSE:SPG,"Super Group Limited (JSE:SPG)",https://www.listcorp.com/jse/spg/super-group-limited,"	9676400000",28.46,0.00,0,Industrials
JSE:RBX,"Raubex Group Limited (JSE:RBX)",https://www.listcorp.com/jse/rbx/raubex-group-limited,"	9561870000",52.61,0.00,0,Industrials
JSE:GND,"Grindrod Limited (JSE:GND)",https://www.listcorp.com/jse/gnd/grindrod-limited,"	9004610000",12.9,0.00,0,Industrials
JSE:OCE,"Oceana Group Limited (JSE:OCE)",https://www.listcorp.com/jse/oce/oceana-group-limited,"	8804150000",67.5,0.00,0,"Consumer Goods"
JSE:AEL,"Allied Electronics Corporation (JSE:AEL)",https://www.listcorp.com/jse/ael/allied-electronics-corporation,"	8310120000",20.2,0.00,0,Technology
JSE:KAP,"KAP Limited (JSE:KAP)",https://www.listcorp.com/jse/kap/kap-limited,"	8229270000",3.3,0.00,0,Industrials
JSE:ARL,"Astral Foods Limited (JSE:ARL)",https://www.listcorp.com/jse/arl/astral-foods-limited,"	8155220000",190,0.00,0,"Consumer Goods"
JSE:RCL,"RCL Foods Limited (JSE:RCL)",https://www.listcorp.com/jse/rcl/rcl-foods-limited,"	8133510000",9.1,0.00,0,"Consumer Goods"
JSE:CAA,"CA Sales Holdings Limited (JSE:CAA)",https://www.listcorp.com/jse/caa/ca-sales-holdings-limited,"	8112860000",16.94,0.00,0,Industrials
JSE:CVW,"Castleview Property Fund Limited (JSE:CVW)",https://www.listcorp.com/jse/cvw/castleview-property-fund-limited,"	8072170000",8.2,0.00,0,Financials
JSE:IPF,"Investec Property Fund Limited (JSE:IPF)",https://www.listcorp.com/jse/ipf/investec-property-fund-limited,"	7928450000",9.83,-0.02,-0.2,Financials
JSE:BAT,"Brait PLC (JSE:BAT)",https://www.listcorp.com/jse/bat/brait-plc,"	7764000000",2.01,0.00,0,Financials
JSE:COH,"Curro Holdings Limited (JSE:COH)",https://www.listcorp.com/jse/coh/curro-holdings-limited,"	7685200000",13.34,0.00,0,"Consumer Services"
JSE:SSS,"Stor-Age Property REIT (JSE:SSS)",https://www.listcorp.com/jse/sss/stor-age-property-reit,"	7321280000",15.2,0.00,0,Financials
JSE:SAC,"SA Corporate Real Estate Fund Limited (JSE:SAC)",https://www.listcorp.com/jse/sac/sa-corporate-real-estate-fund-limited,"	7292720000",2.9,0.00,0,Financials
JSE:PPC,"PPC Limited (JSE:PPC)",https://www.listcorp.com/jse/ppc/ppc-limited,"	7178390000",4.62,0.00,0,Industrials
JSE:FBR,"Famous Brands Limited (JSE:FBR)",https://www.listcorp.com/jse/fbr/famous-brands-limited,"	6727580000",67.14,0.00,0,"Consumer Services"
JSE:CLI,"Clientele Limited (JSE:CLI)",https://www.listcorp.com/jse/cli/clientele-limited,"	6344230000",14,0.00,0,Financials
JSE:HDC,"Hudaco Industries Limited (JSE:HDC)",https://www.listcorp.com/jse/hdc/hudaco-industries-limited,"	6194640000",200.5,0.00,0,Industrials
JSE:EMI,"Emira Property Fund Limited (JSE:EMI)",https://www.listcorp.com/jse/emi/emira-property-fund-limited,"	6120430000",11.71,0.00,0,Financials
JSE:SDO,"STADIO Holdings Limited (JSE:SDO)",https://www.listcorp.com/jse/sdo/stadio-holdings-limited,"	5768440000",6.8,0.00,0,"Consumer Services"
JSE:DKR,"Deutsche Konsum REIT-AG (JSE:DKR)",https://www.listcorp.com/jse/dkr/deutsche-konsum-reit,"	5484330000",156,0.00,0,Financials
JSE:HET,"Heriot REIT Limited (JSE:HET)",https://www.listcorp.com/jse/het/heriot-reit-limited,"	5122590000",16,0.00,0,Financials
JSE:RFG,"RFG Holdings Limited (JSE:RFG)",https://www.listcorp.com/jse/rfg/rfg-holdings-limited,"	5018750000",19.1,0.00,0,"Consumer Goods"
JSE:THA,"Tharisa plc (JSE:THA)",https://www.listcorp.com/jse/tha/tharisa,"	4886940000",16.15,0.00,0,"Basic Materials"
JSE:BLU,"Blue Label Telecoms (JSE:BLU)",https://www.listcorp.com/jse/blu/blue-label-telecoms,"	4860650000",5.32,0.00,0,Telecommunications
JSE:DIB,"Dipula Income Fund Limited B (JSE:DIB)",https://www.listcorp.com/jse/dib/dipula-income-fund-limited-b,"	4806250000",5.27,0.00,0,Financials
JSE:MED,"Middle East Diamond Resources Limited (JSE:MED)",https://www.listcorp.com/jse/med/middle-east-diamond-resources-limited,"	4786390000",0,0.00,0,"Basic Materials"
JSE:CSB,"Cashbuild Limited (JSE:CSB)",https://www.listcorp.com/jse/csb/cashbuild-limited,"	4573080000",193,0.00,0,"Consumer Services"
JSE:CAT,"Caxton & CTP Publishers & Printers Limited (JSE:CAT)",https://www.listcorp.com/jse/cat/caxton-and-ctp-publishers-and-printers-limited,"	4511450000",12.6,0.00,0,"Consumer Services"
JSE:LEW,"Lewis Group Limited (JSE:LEW)",https://www.listcorp.com/jse/lew/lewis-group-limited,"	4406420000",84.48,0.00,0,"Consumer Services"
JSE:MPT,"Mpact Limited (JSE:MPT)",https://www.listcorp.com/jse/mpt/mpact-limited,"	4278860000",28.63,0.00,0,Industrials
JSE:NT1,"Net 1 UEPS Technologies Inc (JSE:NT1)",https://www.listcorp.com/jse/nt1/net1,"	4228030000",75,0.00,0,Industrials
JSE:BEL,"Bell Equipment Limited (JSE:BEL)",https://www.listcorp.com/jse/bel/bell-equipment-limited,"	3893070000",40.71,0.00,0,Industrials
JSE:KAL,"Kaap Agri Limited (JSE:KAL)",https://www.listcorp.com/jse/kal/kaap-agri-limited,"	3742000000",50.35,0.00,0,"Consumer Services"
JSE:OAO,"Oando PLC (JSE:OAO)",https://www.listcorp.com/jse/oao/oando-plc,"	3729420000",0.3,0.00,0,"Oil & Gas"
JSE:SBP,"Sabvest Capital Limited (JSE:SBP)",https://www.listcorp.com/jse/sbp/sabvest-capital-limited,"	3706290000",94.5,0.00,0,Financials
JSE:NPK,"Nampak Limited (JSE:NPK)",https://www.listcorp.com/jse/npk/nampak-limited,"	3698330000",436.32,0.00,0,Industrials
JSE:EXP,"Exemplar Reitail Limited (JSE:EXP)",https://www.listcorp.com/jse/exp/exemplar-reitail-limited,"	3655200000",11,0.00,0,Financials
JSE:MRF,"Merafe Resources Limited (JSE:MRF)",https://www.listcorp.com/jse/mrf/merafe-resources-limited,"	3623730000",1.45,0.00,0,"Basic Materials"
JSE:SYG,"Sygnia Limited (JSE:SYG)",https://www.listcorp.com/jse/syg/sygnia-limited,"	3401360000",22.35,0.00,0,Financials
JSE:IVT,"Invicta Holdings Limited (JSE:IVT)",https://www.listcorp.com/jse/ivt/invicta-holdings,"	3330410000",34.39,0.00,0,Industrials
JSE:JBL,"Jubilee Metals Group Plc (JSE:JBL)",https://www.listcorp.com/jse/jbl/jubilee-metals-group-plc,"	3312270000",1.1,0.00,0,"Basic Materials"
JSE:CRP,"Capital & Regional plc (JSE:CRP)",https://www.listcorp.com/jse/crp/capital-and-regional-plc,"	3303890000",14.18,0.00,0,Financials
JSE:SUR,"Spur Corporation Limited (JSE:SUR)",https://www.listcorp.com/jse/sur/spur-corporation-limited,"	3228570000",35.48,0.00,0,"Consumer Services"
JSE:HIL,"Homechoice International plc (JSE:HIL)",https://www.listcorp.com/jse/hil/homechoice-international-plc,"	3201910000",30,0.00,0,"Consumer Services"
JSE:OCT,"Octodec Investments Limited (JSE:OCT)",https://www.listcorp.com/jse/oct/octodec-investments-limited,"	3186380000",11.97,0.00,0,Financials
JSE:SEA,"Spear Reit Limited (JSE:SEA)",https://www.listcorp.com/jse/sea/spear-reit-limited,"	3161880000",9.3,0.00,0,Financials
JSE:RBO,"Rainbow Chicken Limited (JSE:RBO)",https://www.listcorp.com/jse/rbo/rainbow-chicken-limited,"	3122470000",3.5,0.00,0,"Consumer Goods"
JSE:CLH,"City Lodge Hotels Limited (JSE:CLH)",https://www.listcorp.com/jse/clh/city-lodge-hotels-limited,"	2960830000",4.95,0.00,0,"Consumer Services"
JSE:SHG,"Sea Harvest Group Limited (JSE:SHG)",https://www.listcorp.com/jse/shg/sea-harvest-group-limited,"	2906820000",8.1,0.00,0,"Consumer Goods"
JSE:LBR,"Libstar Holdings Limited (JSE:LBR)",https://www.listcorp.com/jse/lbr/libstar-holdings-limited,"	2870890000",4.21,0.00,0,"Consumer Goods"
JSE:ACS,"Acsion Limited (JSE:ACS)",https://www.listcorp.com/jse/acs/acsion-limited,"	2808170000",7.11,0.00,0,Financials
JSE:KP2,"Kore Potash Plc (JSE:KP2)",https://www.listcorp.com/jse/kp2/kore-potash-plc,"	2758060000",0.63,0.00,0,"Basic Materials"
JSE:ZED,"Zeder Investments Limited (JSE:ZED)",https://www.listcorp.com/jse/zed/zeder-investments-limited,"	2618270000",1.7,0.00,0,Financials
JSE:ZZD,"Zeda Limited (JSE:ZZD)",https://www.listcorp.com/jse/zzd/zeda-limited,"	2550680000",13.45,0.00,0,"Consumer Goods"
JSE:NVS,"Novus Holdings Limited (JSE:NVS)",https://www.listcorp.com/jse/nvs/novus-holdings-limited,"	2522400000",7.35,0.00,0,Industrials
JSE:AHB,"Arrowhead Properties Limited B (JSE:AHB)",https://www.listcorp.com/jse/ahb/arrowhead-properties-limited-b,"	2428630000",2.47,0.03,1.23,Financials
JSE:CMH,"Combined Motor Holdings Limited (JSE:CMH)",https://www.listcorp.com/jse/cmh/combined-motor-holdings-limited,"	2423580000",32.4,0.00,0,"Consumer Services"
JSE:CTA,"Capital Appreciation Limited (JSE:CTA)",https://www.listcorp.com/jse/cta/capital-appreciation-limited,"	2358000000",1.8,0.00,0,Technology
JSE:GML,"Gemfields Group Limited (JSE:GML)",https://www.listcorp.com/jse/gml/gemfields-group-limited,"	2324370000",1.99,0.00,0,"Basic Materials"
JSE:SCD,"Schroder European Real Estate Investment Trust (JSE:SCD)",https://www.listcorp.com/jse/scd/schroeder-european-reit,"	2206620000",16.5,0.00,0,Financials
JSE:MTA,"Metair Investments Limited (JSE:MTA)",https://www.listcorp.com/jse/mta/metair-investments-limited,"	2162980000",10.87,0.00,0,"Consumer Goods"
JSE:TDH,"Tradehold Limited (JSE:TDH)",https://www.listcorp.com/jse/tdh/tradehold-limited,"	2090770000",8,0.00,0,Financials
JSE:MDI,"Master Drilling Group Limited (JSE:MDI)",https://www.listcorp.com/jse/mdi/master-drilling-group,"	2062350000",13.7,0.00,0,Industrials
JSE:TCP,"Transaction Capital Ltd (JSE:TCP)",https://www.listcorp.com/jse/tcp/transaction-capital-ltd,"	2023530000",2.58,0.00,0,Financials
JSE:QFH,"Quantum Foods Holdings (JSE:QFH)",https://www.listcorp.com/jse/qfh/quantum-foods-holdings,"	1710180000",8.5,0.00,0,"Consumer Goods"
JSE:GPL,"Grand Parade Investments Limited (JSE:GPL)",https://www.listcorp.com/jse/gpl/grand-parade-investments-limited,"	1690610000",3.62,0.00,0,Financials
JSE:ACT,"Afrocentric Investment Corp (JSE:ACT)",https://www.listcorp.com/jse/act/afrocentric-investment-corp,"	1640120000",1.95,0.00,0,"Health Care"
JSE:SAR,"Safari Investments RSA Limited (JSE:SAR)",https://www.listcorp.com/jse/sar/safari-investments-rsa-limited,"	1611410000",6.25,0.00,0,Financials
JSE:EPE,"EPE Capital Partners Limited (JSE:EPE)",https://www.listcorp.com/jse/epe/epe-capital-partners-limited,"	1595620000",5.55,0.00,0,Financials
JSE:PPE,"Purple Group Limited (JSE:PPE)",https://www.listcorp.com/jse/ppe/purple-group-limited,"	1593240000",1.12,0.00,0,Financials
JSE:EOH,"EOH Holdings (JSE:EOH)",https://www.listcorp.com/jse/eoh/eoh-holdings,"	1556920000",2.44,0.00,0,Technology
JSE:ART,"Argent Industrial Limited (JSE:ART)",https://www.listcorp.com/jse/art/argent-industrial-limited,"	1526790000",28.05,0.00,0,Industrials
JSE:ACL,"ArcelorMittal South Africa Limited (JSE:ACL)",https://www.listcorp.com/jse/acl/arcelormittal-south-africa-limited,"	1490860000",1.31,0.00,0,"Basic Materials"
JSE:AEG,"Aveng Group Limited (JSE:AEG)",https://www.listcorp.com/jse/aeg/aveng-group-limited,"	1422640000",11.19,0.00,0,Industrials
JSE:UPL,"Universal Partners Limited (JSE:UPL)",https://www.listcorp.com/jse/upl/universal-partners-limited,"	1384990000",19,0.00,0,Financials
JSE:TRE,"Trencor Limited (JSE:TRE)",https://www.listcorp.com/jse/tre/trencor-limited,"	1318860000",7.6,0.00,0,Industrials
JSE:BWN,"Balwin Properties Limited (JSE:BWN)",https://www.listcorp.com/jse/bwn/balwin-properties-limited,"	1298530000",2.5,0.00,0,Financials
JSE:CHP,"Choppies Enterprises Limited (JSE:CHP)",https://www.listcorp.com/jse/chp/choppies-enterprises-limited,"	1277120000",0.7,0.00,0,"Consumer Services"
JSE:EMN,"E Media Holdings Limited - N Shares (JSE:EMN)",https://www.listcorp.com/jse/emn/e-media-holdings-limited-n,"	1260360000",3.3,0.00,0,"Consumer Services"
JSE:OAS,"Oasis Crescent Property Fund (JSE:OAS)",https://www.listcorp.com/jse/oas/oasis-crescent-property-fund,"	1256470000",19.5,0.00,0,Financials
JSE:DRA,"DRA Global Limited (JSE:DRA)",https://www.listcorp.com/jse/dra/dra-global-limited,"	1234770000",22.25,0.00,0,Industrials
JSE:ORN,"Orion Minerals Limited (JSE:ORN)",https://www.listcorp.com/jse/orn/orion-minerals-limited,"	1230150000",0.18,0.00,0,"Basic Materials"
JSE:REN,"Renergen Limited (JSE:REN)",https://www.listcorp.com/jse/ren/renergen-limited,"	1212380000",8.21,0.00,0,"Oil & Gas"
JSE:HLM,"Hulamin Limited (JSE:HLM)",https://www.listcorp.com/jse/hlm/hulamin-limited,"	1164300000",3.59,0.00,0,"Basic Materials"
JSE:YYLBEE,"YeboYethu (RF) Limited (JSE:YYLBEE)",https://www.listcorp.com/jse/yylbee/yeboyethu-rf-limited,"	1164150000",22,0.00,0,Financials
JSE:BRN,"Brimstone Investment Corporation - N Shares (JSE:BRN)",https://www.listcorp.com/jse/brn/brimstone-investment-corporation-n,"	1147380000",5.1,0.00,0,Financials
JSE:TEX,"Texton Property Fund Limited (JSE:TEX)",https://www.listcorp.com/jse/tex/texton-property-fund-limited,"	1089200000",3.3,0.00,0,Financials
JSE:TPC,"Transpaco Limited (JSE:TPC)",https://www.listcorp.com/jse/tpc/transpaco-limited,"	1067060000",37,0.00,0,Industrials
JSE:DNB,"Deneb Investments Limited (JSE:DNB)",https://www.listcorp.com/jse/dnb/deneb-investments-limited,"	1060010000",2.4,0.00,0,Financials
JSE:MMP,"Marshall Monteagle PLC (JSE:MMP)",https://www.listcorp.com/jse/mmp/marshall-monteagle-plc,"	1009390000",28.15,0.00,0,Industrials
JSE:MFL,"Metrofile Holdings Limited (JSE:MFL)",https://www.listcorp.com/jse/mfl/metrofile-holdings-limited,"	997510000",2.3,0.00,0,Industrials
JSE:YRK,"York Timber Holdings Limited (JSE:YRK)",https://www.listcorp.com/jse/yrk/york-timber-holdings-limited,"	995605000",2.1,0.00,0,"Basic Materials"
JSE:MTNZF,"MTN Zakhele Futhi (JSE:MTNZF)",https://www.listcorp.com/jse/mtnzf/mtn-zakhele-futhi,"	987335000",8,0.00,0,Financials
JSE:SNV,"Santova Limited (JSE:SNV)",https://www.listcorp.com/jse/snv/santova-limited,"	972768000",7.6,0.00,0,Industrials
JSE:BCF,"Bowler Metcalf Limited (JSE:BCF)",https://www.listcorp.com/jse/bcf/bowler-metcalf-limited,"	971146000",13,0.00,0,Industrials
JSE:HPR,"Hosken Passenger Logistics and Rail Limited (JSE:HPR)",https://www.listcorp.com/jse/hpr/hosken-passenger-logistics-and-rail-limited,"	922200000",3.18,0.00,0,"Consumer Services"
JSE:SFN,"Sasfin Holdings Limited (JSE:SFN)",https://www.listcorp.com/jse/sfn/sasfin-holdings-limited,"	903010000",28.11,0.00,0,Financials
JSE:APF,"Accelerate Property Fund Ltd (JSE:APF)",https://www.listcorp.com/jse/apf/accelerate-property-fund-ltd,"	901759000",0.49,0.00,0,Financials
JSE:ENX,"enX Group Limited (JSE:ENX)",https://www.listcorp.com/jse/enx/enx-group-limited,"	893332000",4.9,0.00,0,Industrials
JSE:MST,"Mustek Limited (JSE:MST)",https://www.listcorp.com/jse/mst/mustek-limited,"	885541000",15.39,0.00,0,Technology
JSE:SSK,"Stefanutti Stocks Holdings Limited (JSE:SSK)",https://www.listcorp.com/jse/ssk/stefanutti-stocks-holdings-limited,"	827555000",4.4,0.00,0,Industrials
JSE:CGR,"Calgro M3 Holdings Limited (JSE:CGR)",https://www.listcorp.com/jse/cgr/calgro-m3,"	789233000",6.9,0.00,0,Industrials
JSE:WEZ,"Wesizwe Platinum Limited (JSE:WEZ)",https://www.listcorp.com/jse/wez/wesizwe-platinum-limited,"	732522000",0.45,0.00,0,"Basic Materials"
JSE:NWL,"Nu-World Holdings Limited (JSE:NWL)",https://www.listcorp.com/jse/nwl/nu-world-holdings-limited,"	642917000",29.5,0.00,0,"Consumer Goods"
JSE:SDL,"Southern Palladium Limited (JSE:SDL)",https://www.listcorp.com/jse/sdl/southern-palladium-limited,"	636650000",7,0.00,0,"Basic Materials"
JSE:MCZ,"MC Mining Limited (JSE:MCZ)",https://www.listcorp.com/jse/mcz/mc-mining-limited,"	604460000",1.46,0.00,0,"Basic Materials"
JSE:RMH,"RMB Holdings Limited (JSE:RMH)",https://www.listcorp.com/jse/rmh/rmb-holdings-limited,"	585032000",0.42,0.00,0,Financials
JSE:PBG,"PBT Group Limited (JSE:PBG)",https://www.listcorp.com/jse/pbg/pbt-group-limited,"	582032000",5.62,0.00,0,Technology
JSE:AHA,"Arrowhead Properties Limited A (JSE:AHA)",https://www.listcorp.com/jse/aha/arrowhead-properties-limited-a,"	571367000",9.11,0.00,0,Financials
JSE:ADR,"Adcorp Holdings Limited (JSE:ADR)",https://www.listcorp.com/jse/adr/adcorp-holdings-limited,"	549405000",5,0.00,0,Industrials
JSE:TON,"Tongaat Hulett Limited (JSE:TON)",https://www.listcorp.com/jse/ton/tongaat-hulett-limited,"	545855000",4.04,0.00,0,"Consumer Goods"
JSE:ARA,"Astoria Investments Limited (JSE:ARA)",https://www.listcorp.com/jse/ara/astoria-investments-limited,"	512014000",8.25,0.00,0,Financials
JSE:SOLBE1,"Sasol Limited - BEE (JSE:SOLBE1)",https://www.listcorp.com/jse/solbe1/sasol-limited-bee,"	506508000",80,0.00,0,"Basic Materials"
JSE:SEP,"Sephaku Holdings Limited (JSE:SEP)",https://www.listcorp.com/jse/sep/sephaku-holdings-limited,"	493704000",1.94,0.00,0,Industrials
JSE:TMT,"Trematon Capital Investments Limited (JSE:TMT)",https://www.listcorp.com/jse/tmt/trematon-capital-investments-limited,"	490103000",2.2,0.00,0,Financials
JSE:MUR,"Murray & Roberts Holdings Limited (JSE:MUR)",https://www.listcorp.com/jse/mur/murray-and-roberts-holdings-limited,"	489210000",1.1,0.00,0,Industrials
JSE:LNF,"London Finance & Investment Group Plc (JSE:LNF)",https://www.listcorp.com/jse/lnf/london-finance-and-investment-group-plc,"	483716000",15.5,0.00,0,Financials
JSE:CKS,"Crookes Brothers Limited (JSE:CKS)",https://www.listcorp.com/jse/cks/crookes-brothers-limited,"	480826000",31.5,0.00,0,"Consumer Goods"
JSE:NRL,"Newpark REIT Limited (JSE:NRL)",https://www.listcorp.com/jse/nrl/newpark-reit-limited,"	480000000",4.8,0.00,0,Financials
JSE:ASC,"Ascendis Health Limited (JSE:ASC)",https://www.listcorp.com/jse/asc/ascendis-health-limited,"	474352000",0.75,0.00,0,"Health Care"
JSE:SOH,"South Ocean Holdings (JSE:SOH)",https://www.listcorp.com/jse/soh/south-ocean-holdings,"	406554000",2,0.00,0,Industrials
JSE:WSL,"Wescoal Holdings Limited (JSE:WSL)",https://www.listcorp.com/jse/wsl/wescoal-holdings-limited,"	403120000",0.87,-0.09,-9.38,"Basic Materials"
JSE:4SI,"4Sight Holdings Limited (JSE:4SI)",https://www.listcorp.com/jse/4si/4sight-holdings-limited,"	368691000",0.69,0.00,0,Financials
JSE:WKF,"Workforce Holdings Limited (JSE:WKF)",https://www.listcorp.com/jse/wkf/workforce-holdings-limited,"	353410000",1.45,0.00,0,Industrials
JSE:HUG,"Huge Group Limited (JSE:HUG)",https://www.listcorp.com/jse/hug/huge-group-limited,"	345123000",2,0.00,0,Telecommunications
JSE:TTO,"Trustco Group Holdings Limited (JSE:TTO)",https://www.listcorp.com/jse/tto/trustco-group-holdings-limited,"	337339000",0.34,0.00,0,Financials
JSE:FGL,"Finbond Group Limited (JSE:FGL)",https://www.listcorp.com/jse/fgl/finbond-group-limited,"	336486000",0.62,0.00,0,Financials
JSE:EPS,"Eastern Platinum Limited (JSE:EPS)",https://www.listcorp.com/jse/eps/eastern-platinum,"	323986000",1.6,0.00,0,"Basic Materials"
JSE:ISA,"ISA Holdings Limited (JSE:ISA)",https://www.listcorp.com/jse/isa/isa-holdings-limited,"	322420000",1.89,0.00,0,Technology
JSE:VUN,"Vunani Limited (JSE:VUN)",https://www.listcorp.com/jse/vun/vunani-limited,"	290081000",1.8,0.00,0,Financials
JSE:AME,"African Media Entertainment (JSE:AME)",https://www.listcorp.com/jse/ame/african-media-entertainment,"	277997000",40,0.00,0,"Consumer Services"
JSE:PMV,"Primeserv Group Limited (JSE:PMV)",https://www.listcorp.com/jse/pmv/primeserv-group-limited,"	274853000",2.4,0.00,0,Industrials
JSE:BRT,"Brimstone Investment Corporation (JSE:BRT)",https://www.listcorp.com/jse/brt/brimstone-investment-corporation,"	228878000",5.74,0.00,0,Financials
JSE:EMH,"E Media Holdings Limited (JSE:EMH)",https://www.listcorp.com/jse/emh/e-media-holdings-limited,"	219507000",3.44,0.00,0,"Consumer Services"
JSE:RTN,"Rex Trueform Group - N Shares (JSE:RTN)",https://www.listcorp.com/jse/rtn/rex-trueform-group-n,"	218316000",11.72,0.00,0,"Consumer Services"
JSE:ISB,"Insimbi Industrial Holdings Ltd (JSE:ISB)",https://www.listcorp.com/jse/isb/insimbi-industrial-holdings-ltd,"	201848000",0.61,0.00,0,"Basic Materials"
JSE:AYO,"AYO Tech Solutions (JSE:AYO)",https://www.listcorp.com/jse/ayo/ayo-tech-solutions,"	160192000",0.49,0.00,0,Technology
JSE:TRL,"Trellidor Holdings Limited (JSE:TRL)",https://www.listcorp.com/jse/trl/trellidor-holdings-limited,"	157096000",1.65,0.00,0,Industrials
JSE:KBO,"Kibo Energy PLC (JSE:KBO)",https://www.listcorp.com/jse/kbo/kibo-energy-plc,"	147152000",0.01,0.00,0,"Basic Materials"
JSE:BIK,"Brikor Limited (JSE:BIK)",https://www.listcorp.com/jse/bik/brikor-limited,"	142501000",0.17,0.00,0,Industrials
JSE:AON,"African and Overseas Enterprises - N Shares (JSE:AON)",https://www.listcorp.com/jse/aon/african-and-overseas-enterprises-n,"	138711000",13.57,0.00,0,"Consumer Services"
JSE:DLT,"Delta Property Fund Limited (JSE:DLT)",https://www.listcorp.com/jse/dlt/delta-property-fund-limited,"	135705000",0.19,0.00,0,Financials
JSE:PPR,"Putprop Limited (JSE:PPR)",https://www.listcorp.com/jse/ppr/putprop-limited,"	134000000",3.16,0.00,0,Financials
JSE:CAC,"CAFCA Limited (JSE:CAC)",https://www.listcorp.com/jse/cac/cafca-limited,"	126210000",3.78,0.00,0,Industrials
JSE:RHB,"RH Bophelo Limited (JSE:RHB)",https://www.listcorp.com/jse/rhb/rh-bophelo-limited,"	113210000",1.75,0.00,0,Financials
JSE:REB,"Rebosis Property Fund (JSE:REB)",https://www.listcorp.com/jse/reb/rebosis-property-fund,"	111881000",0.16,0.00,0,Financials
JSE:SEB,"Sebata Holdings Limited (JSE:SEB)",https://www.listcorp.com/jse/seb/sebata-holdings,"	109169000",0.95,0.00,0,Technology
JSE:EEL,"Efora Energy Limited (JSE:EEL)",https://www.listcorp.com/jse/eel/efora-energy-limited,"	88306800",0.08,0.00,0,"Oil & Gas"
JSE:REA,"Rebosis Property Fund - A Shares (JSE:REA)",https://www.listcorp.com/jse/rea/rebosis-property-fund-a,"	60735400",0.96,0.00,0,Financials
JSE:TLM,"TeleMasters Holdings Limited (JSE:TLM)",https://www.listcorp.com/jse/tlm/telemasters-holdings-limited,"	57482800",1,0.00,0,Telecommunications
JSE:RNG,"Randgold And Exploration Company (JSE:RNG)",https://www.listcorp.com/jse/rng/randgold-and-exploration-company,"	54447100",0.73,0.00,0,"Basic Materials"
JSE:LAB,"Labat Africa Limited (JSE:LAB)",https://www.listcorp.com/jse/lab/labat-africa-limited,"	46831800",0.07,0.00,0,Industrials
JSE:EUZ,"Europa Metals Limited (JSE:EUZ)",https://www.listcorp.com/jse/euz/europa-metals-limited,"	43952300",0.45,0.00,0,"Basic Materials"
JSE:RTO,"Rex Trueform Group (JSE:RTO)",https://www.listcorp.com/jse/rto/rex-trueform-group,"	42446800",11.28,0.00,0,"Consumer Services"
JSE:NCS,"Nictus Limited (JSE:NCS)",https://www.listcorp.com/jse/ncs/nictus-limited,"	37944900",0.71,0.00,0,"Consumer Services"
JSE:PSV,"PSV Holdings Limited (JSE:PSV)",https://www.listcorp.com/jse/psv/psv-holdings-limited,"	32718600",0.08,0.00,0,Industrials
JSE:CND,"Conduit Capital Limited (JSE:CND)",https://www.listcorp.com/jse/cnd/conduit-capital-limited,"	30577800",0.04,0.00,0,Financials
JSE:AOO,"African and Overseas Enterprises Limited (JSE:AOO)",https://www.listcorp.com/jse/aoo/african-and-overseas-enterprises-limited,"	26304700",16.25,0.00,0,"Consumer Services"
JSE:MRI,"Mine Restoration Investments Limited (JSE:MRI)",https://www.listcorp.com/jse/mri/mine-restoration-investments-limited,"	25885700",0.03,0.00,0,Industrials
JSE:AHL,"AH-Vest Limited (JSE:AHL)",https://www.listcorp.com/jse/ahl/ah-vest-limited,"	13264600",0.13,0.00,0,"Consumer Goods"
JSE:GLI,"Go Life International Ltd (JSE:GLI)",https://www.listcorp.com/jse/gli/go-life-international-ltd,"	12425000",0.01,0.00,0,"Health Care"
JSE:VIS,"Visual International Holdings Limited (JSE:VIS)",https://www.listcorp.com/jse/vis/visual-international-holdings,"	8205310",0.02,0.00,0,Financials
JSE:ELI,"Ellies Holdings Limited (JSE:ELI)",https://www.listcorp.com/jse/eli/ellies-holdings-limited,"	8054000",0.01,0.00,0,Industrials
JSE:ADW,"African Dawn Capital (JSE:ADW)",https://www.listcorp.com/jse/adw/african-dawn-capital,"	2940460",0.04,0.00,0,Financials
JSE:CMO,"Chrometco Limited (JSE:CMO)",https://www.listcorp.com/jse/cmo/chrometco-limited,"	0",0.06,0.00,0,"Basic Materials"
JSE:GAI,"Gaia Infrastructure Capital Limited (JSE:GAI)",https://www.listcorp.com/jse/gai/gaia-infrastructure-capital-limited,"	0",0,0.00,0,Financials
